tot_time,avg_time,avg_accuracy,avg_rmse,inference_data,quantized_model_size,qdtype,use_quantization
0.8786761740630027,0.021966904351575067,0.66709983,151.76505,u10,1,,False
0.8765678200579714,0.021914195501449286,0.6671484,151.75842,u10,0.615008654225147,torch.int16,True
0.901550030161161,0.022538750754029023,0.66939473,159.38094,u10,0.42219594536699057,torch.int8,True
0.8834274770633783,0.02208568692658446,0.66709983,151.76505,tcwv,1,,False
0.8847986129112542,0.022119965322781356,0.6671484,151.75842,tcwv,0.615008654225147,torch.int16,True
0.8800848300452344,0.02200212075113086,0.66939473,159.38094,tcwv,0.42219594536699057,torch.int8,True
